algorithm,n,input_type,run,time_ns,comparisons,max_depth,iterations
MergeSort,1000,random,1,76584,9368,8,0
MergeSort,1000,random,2,90334,9368,8,0
MergeSort,1000,random,3,63083,9368,8,0
MergeSort,1000,random,4,45666,9368,8,0
MergeSort,1000,random,5,56667,9368,8,0
QuickSort,1000,random,1,88417,19244,6,0
QuickSort,1000,random,2,84000,16287,5,0
QuickSort,1000,random,3,77459,16232,6,0
QuickSort,1000,random,4,75209,15250,6,0
QuickSort,1000,random,5,77209,15849,5,0
QuickSelect,1000,random,1,81334,3430,0,10
QuickSelect,1000,random,2,74209,3250,0,5
QuickSelect,1000,random,3,137750,6306,0,15
QuickSelect,1000,random,4,130708,5746,0,12
QuickSelect,1000,random,5,112542,5089,0,14
MergeSort,1000,sorted,1,9541,4236,8,0
MergeSort,1000,sorted,2,8958,4236,8,0
MergeSort,1000,sorted,3,9750,4236,8,0
MergeSort,1000,sorted,4,9000,4236,8,0
MergeSort,1000,sorted,5,8666,4236,8,0
QuickSort,1000,sorted,1,67584,17430,6,0
QuickSort,1000,sorted,2,69834,18409,6,0
QuickSort,1000,sorted,3,66000,17052,6,0
QuickSort,1000,sorted,4,67500,17182,6,0
QuickSort,1000,sorted,5,66875,17890,6,0
QuickSelect,1000,sorted,1,57916,2690,0,12
QuickSelect,1000,sorted,2,132666,6392,0,16
QuickSelect,1000,sorted,3,139583,6440,0,22
QuickSelect,1000,sorted,4,66666,2899,0,7
QuickSelect,1000,sorted,5,82209,3847,0,12
MergeSort,1000,duplicates,1,193708,9036,8,0
MergeSort,1000,duplicates,2,191958,9036,8,0
MergeSort,1000,duplicates,3,193041,9036,8,0
MergeSort,1000,duplicates,4,250875,9036,8,0
MergeSort,1000,duplicates,5,204917,9036,8,0
QuickSort,1000,duplicates,1,23167,5210,2,0
QuickSort,1000,duplicates,2,21333,4873,3,0
QuickSort,1000,duplicates,3,19708,5182,2,0
QuickSort,1000,duplicates,4,22958,5066,2,0
QuickSort,1000,duplicates,5,22625,7177,2,0
QuickSelect,1000,duplicates,1,39916,3666,0,3
QuickSelect,1000,duplicates,2,39834,6118,0,7
QuickSelect,1000,duplicates,3,47833,4265,0,5
QuickSelect,1000,duplicates,4,39042,6455,0,7
QuickSelect,1000,duplicates,5,25500,3396,0,2
MergeSort,10000,random,1,376792,127002,11,0
MergeSort,10000,random,2,368417,127002,11,0
MergeSort,10000,random,3,363500,127002,11,0
MergeSort,10000,random,4,360250,127002,11,0
MergeSort,10000,random,5,359792,127002,11,0
QuickSort,10000,random,1,910041,241974,9,0
QuickSort,10000,random,2,447583,227414,8,0
QuickSort,10000,random,3,465667,221988,9,0
QuickSort,10000,random,4,443042,222724,8,0
QuickSort,10000,random,5,433584,229229,8,0
QuickSelect,10000,random,1,148417,45146,0,13
QuickSelect,10000,random,2,236958,72631,0,14
QuickSelect,10000,random,3,226417,60957,0,14
QuickSelect,10000,random,4,159917,38113,0,17
QuickSelect,10000,random,5,150334,33263,0,14
MergeSort,10000,sorted,1,338041,59248,11,0
MergeSort,10000,sorted,2,272500,59248,11,0
MergeSort,10000,sorted,3,302250,59248,11,0
MergeSort,10000,sorted,4,261958,59248,11,0
MergeSort,10000,sorted,5,273166,59248,11,0
QuickSort,10000,sorted,1,273041,286718,8,0
QuickSort,10000,sorted,2,257333,253388,9,0
QuickSort,10000,sorted,3,261500,273763,8,0
QuickSort,10000,sorted,4,249500,244949,8,0
QuickSort,10000,sorted,5,376042,243064,8,0
QuickSelect,10000,sorted,1,230209,41970,0,19
QuickSelect,10000,sorted,2,237167,58343,0,18
QuickSelect,10000,sorted,3,278459,67363,0,14
QuickSelect,10000,sorted,4,111958,58746,0,14
QuickSelect,10000,sorted,5,101250,57215,0,14
MergeSort,10000,duplicates,1,192416,121712,11,0
MergeSort,10000,duplicates,2,188333,121712,11,0
MergeSort,10000,duplicates,3,186000,121712,11,0
MergeSort,10000,duplicates,4,183708,121712,11,0
MergeSort,10000,duplicates,5,183208,121712,11,0
QuickSort,10000,duplicates,1,98417,53965,2,0
QuickSort,10000,duplicates,2,93916,46921,2,0
QuickSort,10000,duplicates,3,94792,56227,3,0
QuickSort,10000,duplicates,4,94750,48755,2,0
QuickSort,10000,duplicates,5,88417,61234,2,0
QuickSelect,10000,duplicates,1,73708,15061,0,1
QuickSelect,10000,duplicates,2,100250,29149,0,3
QuickSelect,10000,duplicates,3,105042,37083,0,3
QuickSelect,10000,duplicates,4,80417,27166,0,3
QuickSelect,10000,duplicates,5,90958,24023,0,3
MergeSort,100000,random,1,6613500,1639825,14,0
MergeSort,100000,random,2,7009750,1639825,14,0
MergeSort,100000,random,3,6868125,1639825,14,0
MergeSort,100000,random,4,6255875,1639825,14,0
MergeSort,100000,random,5,6305000,1639825,14,0
QuickSort,100000,random,1,5490542,3008171,11,0
QuickSort,100000,random,2,5455667,3411742,10,0
QuickSort,100000,random,3,5735250,3232659,11,0
QuickSort,100000,random,4,5437708,2925019,11,0
QuickSort,100000,random,5,5765583,2894182,10,0
QuickSelect,100000,random,1,893917,658889,0,26
QuickSelect,100000,random,2,828000,622578,0,22
QuickSelect,100000,random,3,676792,649607,0,20
QuickSelect,100000,random,4,597292,414805,0,11
QuickSelect,100000,random,5,863709,611505,0,28
MergeSort,100000,sorted,1,1578250,744016,14,0
MergeSort,100000,sorted,2,1779000,744016,14,0
MergeSort,100000,sorted,3,2014250,744016,14,0
MergeSort,100000,sorted,4,2803834,744016,14,0
MergeSort,100000,sorted,5,1857416,744016,14,0
QuickSort,100000,sorted,1,3094083,3213583,10,0
QuickSort,100000,sorted,2,2894458,3169827,10,0
QuickSort,100000,sorted,3,2988500,3151793,11,0
QuickSort,100000,sorted,4,2897250,3394840,10,0
QuickSort,100000,sorted,5,2776625,3173327,11,0
QuickSelect,100000,sorted,1,234583,542960,0,24
QuickSelect,100000,sorted,2,176208,400059,0,24
QuickSelect,100000,sorted,3,332625,664257,0,20
QuickSelect,100000,sorted,4,352125,823859,0,26
QuickSelect,100000,sorted,5,150416,334556,0,21
MergeSort,100000,duplicates,1,3549250,1563025,14,0
MergeSort,100000,duplicates,2,3720250,1563025,14,0
MergeSort,100000,duplicates,3,3668292,1563025,14,0
MergeSort,100000,duplicates,4,3594250,1563025,14,0
MergeSort,100000,duplicates,5,3466334,1563025,14,0
QuickSort,100000,duplicates,1,940000,459144,3,0
QuickSort,100000,duplicates,2,884500,738978,2,0
QuickSort,100000,duplicates,3,920666,459144,3,0
QuickSort,100000,duplicates,4,928333,558549,2,0
QuickSort,100000,duplicates,5,954500,618869,2,0
QuickSelect,100000,duplicates,1,335125,159815,0,1
QuickSelect,100000,duplicates,2,602458,488537,0,5
QuickSelect,100000,duplicates,3,559209,359324,0,3
QuickSelect,100000,duplicates,4,551000,319006,0,4
QuickSelect,100000,duplicates,5,531083,538813,0,4
MergeSort,1000000,random,1,73044834,19886430,18,0
MergeSort,1000000,random,2,73213541,19886430,18,0
MergeSort,1000000,random,3,72840875,19886430,18,0
MergeSort,1000000,random,4,74321083,19886430,18,0
MergeSort,1000000,random,5,72702041,19886430,18,0
QuickSort,1000000,random,1,58537833,37360126,12,0
QuickSort,1000000,random,2,59694542,36363600,13,0
QuickSort,1000000,random,3,60230292,36160907,12,0
QuickSort,1000000,random,4,61910042,35943224,14,0
QuickSort,1000000,random,5,62751250,36451626,13,0
QuickSelect,1000000,random,1,4434500,2519357,0,27
QuickSelect,1000000,random,2,5771750,4631187,0,17
QuickSelect,1000000,random,3,4215375,2872241,0,15
QuickSelect,1000000,random,4,8554125,8939220,0,25
QuickSelect,1000000,random,5,7242333,5121394,0,21
MergeSort,1000000,sorted,1,17888791,9071040,18,0
MergeSort,1000000,sorted,2,17893375,9071040,18,0
MergeSort,1000000,sorted,3,18078375,9071040,18,0
MergeSort,1000000,sorted,4,18259666,9071040,18,0
MergeSort,1000000,sorted,5,17893959,9071040,18,0
QuickSort,1000000,sorted,1,29600834,37124306,13,0
QuickSort,1000000,sorted,2,30229583,38002891,13,0
QuickSort,1000000,sorted,3,29923667,38054345,13,0
QuickSort,1000000,sorted,4,29750542,37593201,13,0
QuickSort,1000000,sorted,5,30234125,38739037,13,0
QuickSelect,1000000,sorted,1,1775292,3838758,0,33
QuickSelect,1000000,sorted,2,1646917,3754664,0,24
QuickSelect,1000000,sorted,3,2507958,6085022,0,33
QuickSelect,1000000,sorted,4,2965625,5771151,0,26
QuickSelect,1000000,sorted,5,3475209,8207540,0,29
MergeSort,1000000,duplicates,1,36174750,18922524,18,0
MergeSort,1000000,duplicates,2,36087708,18922524,18,0
MergeSort,1000000,duplicates,3,35896209,18922524,18,0
MergeSort,1000000,duplicates,4,35246459,18922524,18,0
MergeSort,1000000,duplicates,5,35861000,18922524,18,0
QuickSort,1000000,duplicates,1,7578125,5801644,2,0
QuickSort,1000000,duplicates,2,8154875,6402647,2,0
QuickSort,1000000,duplicates,3,7871583,6103425,2,0
QuickSort,1000000,duplicates,4,8213875,6000268,2,0
QuickSort,1000000,duplicates,5,8324875,4799975,3,0
QuickSelect,1000000,duplicates,1,3489250,1500460,0,1
QuickSelect,1000000,duplicates,2,6881250,4702571,0,7
QuickSelect,1000000,duplicates,3,6015209,4100443,0,4
QuickSelect,1000000,duplicates,4,3489833,1500460,0,1
QuickSelect,1000000,duplicates,5,7750917,6201551,0,7
